CREATE DATABASE  IF NOT EXISTS `airport` /*!40100 DEFAULT CHARACTER SET utf8mb4 COLLATE utf8mb4_0900_ai_ci */ /*!80016 DEFAULT ENCRYPTION='N' */;
USE `airport`;
-- MySQL dump 10.13  Distrib 8.0.29, for macos12 (x86_64)
--
-- Host: 127.0.0.1    Database: airport
-- ------------------------------------------------------
-- Server version	8.0.32

/*!40101 SET @OLD_CHARACTER_SET_CLIENT=@@CHARACTER_SET_CLIENT */;
/*!40101 SET @OLD_CHARACTER_SET_RESULTS=@@CHARACTER_SET_RESULTS */;
/*!40101 SET @OLD_COLLATION_CONNECTION=@@COLLATION_CONNECTION */;
/*!50503 SET NAMES utf8 */;
/*!40103 SET @OLD_TIME_ZONE=@@TIME_ZONE */;
/*!40103 SET TIME_ZONE='+00:00' */;
/*!40014 SET @OLD_UNIQUE_CHECKS=@@UNIQUE_CHECKS, UNIQUE_CHECKS=0 */;
/*!40014 SET @OLD_FOREIGN_KEY_CHECKS=@@FOREIGN_KEY_CHECKS, FOREIGN_KEY_CHECKS=0 */;
/*!40101 SET @OLD_SQL_MODE=@@SQL_MODE, SQL_MODE='NO_AUTO_VALUE_ON_ZERO' */;
/*!40111 SET @OLD_SQL_NOTES=@@SQL_NOTES, SQL_NOTES=0 */;

--
-- Table structure for table `aircraft`
--

DROP TABLE IF EXISTS `aircraft`;
/*!40101 SET @saved_cs_client     = @@character_set_client */;
/*!50503 SET character_set_client = utf8mb4 */;
CREATE TABLE `aircraft` (
  `model_id` varchar(127) NOT NULL,
  `airlines_id` varchar(127) NOT NULL,
  `aircraft_id` varchar(127) NOT NULL,
  `aircraft_name` varchar(127) NOT NULL,
  `capacity` int NOT NULL,
  `start_date` date NOT NULL,
  PRIMARY KEY (`aircraft_id`),
  KEY `FK_aircraft_airlines` (`airlines_id`),
  KEY `FK_aircraft_model` (`model_id`),
  CONSTRAINT `FK_aircraft_airlines` FOREIGN KEY (`airlines_id`) REFERENCES `airlines` (`airlines_id`) ON DELETE CASCADE ON UPDATE CASCADE,
  CONSTRAINT `FK_aircraft_model` FOREIGN KEY (`model_id`) REFERENCES `model` (`model_id`) ON DELETE CASCADE ON UPDATE CASCADE
) ENGINE=InnoDB DEFAULT CHARSET=utf8mb4 COLLATE=utf8mb4_0900_ai_ci;
/*!40101 SET character_set_client = @saved_cs_client */;

--
-- Dumping data for table `aircraft`
--

LOCK TABLES `aircraft` WRITE;
/*!40000 ALTER TABLE `aircraft` DISABLE KEYS */;
INSERT INTO `aircraft` VALUES ('3','AA','AA1001','Boeing 737-800',160,'2021-09-01'),('2','AC','AC5001','Embraer E190',97,'2021-03-01'),('5','DL','DL3001','Boeing 787-9',290,'2020-09-19'),('1','EK','EK4001','Airbus A380-800',615,'2010-04-17'),('4','UA','UA2001','Airbus A320',180,'2022-08-10');
/*!40000 ALTER TABLE `aircraft` ENABLE KEYS */;
UNLOCK TABLES;

--
-- Table structure for table `aircraft_pilot`
--

DROP TABLE IF EXISTS `aircraft_pilot`;
/*!40101 SET @saved_cs_client     = @@character_set_client */;
/*!50503 SET character_set_client = utf8mb4 */;
CREATE TABLE `aircraft_pilot` (
  `aircraft_id` varchar(127) NOT NULL,
  `pilot_id` varchar(127) NOT NULL,
  PRIMARY KEY (`aircraft_id`,`pilot_id`),
  KEY `FK_pilot_aircraft` (`pilot_id`),
  CONSTRAINT `FK_aircraft_pilots_aircraft` FOREIGN KEY (`aircraft_id`) REFERENCES `aircraft` (`aircraft_id`) ON DELETE CASCADE ON UPDATE CASCADE,
  CONSTRAINT `FK_pilot_aircraft` FOREIGN KEY (`pilot_id`) REFERENCES `pilots` (`employee_id`) ON DELETE CASCADE ON UPDATE CASCADE
) ENGINE=InnoDB DEFAULT CHARSET=utf8mb4 COLLATE=utf8mb4_0900_ai_ci;
/*!40101 SET character_set_client = @saved_cs_client */;

--
-- Dumping data for table `aircraft_pilot`
--

LOCK TABLES `aircraft_pilot` WRITE;
/*!40000 ALTER TABLE `aircraft_pilot` DISABLE KEYS */;
INSERT INTO `aircraft_pilot` VALUES ('AA1001','4'),('UA2001','5'),('DL3001','6');
/*!40000 ALTER TABLE `aircraft_pilot` ENABLE KEYS */;
UNLOCK TABLES;

--
-- Table structure for table `airlines`
--

DROP TABLE IF EXISTS `airlines`;
/*!40101 SET @saved_cs_client     = @@character_set_client */;
/*!50503 SET character_set_client = utf8mb4 */;
CREATE TABLE `airlines` (
  `airlines_id` varchar(127) NOT NULL,
  `airlines_name` varchar(255) NOT NULL,
  PRIMARY KEY (`airlines_id`)
) ENGINE=InnoDB DEFAULT CHARSET=utf8mb4 COLLATE=utf8mb4_0900_ai_ci;
/*!40101 SET character_set_client = @saved_cs_client */;

--
-- Dumping data for table `airlines`
--

LOCK TABLES `airlines` WRITE;
/*!40000 ALTER TABLE `airlines` DISABLE KEYS */;
INSERT INTO `airlines` VALUES ('AA','American Airlines'),('AC','Air Canada'),('DL','Delta Air Lines'),('EK','Emirates'),('UA','United Airlines');
/*!40000 ALTER TABLE `airlines` ENABLE KEYS */;
UNLOCK TABLES;

--
-- Table structure for table `booking`
--

DROP TABLE IF EXISTS `booking`;
/*!40101 SET @saved_cs_client     = @@character_set_client */;
/*!50503 SET character_set_client = utf8mb4 */;
CREATE TABLE `booking` (
  `booking_id` int NOT NULL AUTO_INCREMENT,
  `schedule_id` int NOT NULL,
  `passenger_id` int NOT NULL,
  PRIMARY KEY (`booking_id`),
  KEY `FK_booking_schedules` (`schedule_id`),
  KEY `FK_booking_passengers` (`passenger_id`),
  CONSTRAINT `FK_booking_passengers` FOREIGN KEY (`passenger_id`) REFERENCES `passengers` (`passenger_id`) ON DELETE CASCADE ON UPDATE CASCADE,
  CONSTRAINT `FK_booking_schedules` FOREIGN KEY (`schedule_id`) REFERENCES `schedules` (`schedule_id`) ON DELETE CASCADE ON UPDATE CASCADE
) ENGINE=InnoDB AUTO_INCREMENT=3 DEFAULT CHARSET=utf8mb4 COLLATE=utf8mb4_0900_ai_ci;
/*!40101 SET character_set_client = @saved_cs_client */;

--
-- Dumping data for table `booking`
--

LOCK TABLES `booking` WRITE;
/*!40000 ALTER TABLE `booking` DISABLE KEYS */;
INSERT INTO `booking` VALUES (1,1,1),(2,2,2);
/*!40000 ALTER TABLE `booking` ENABLE KEYS */;
UNLOCK TABLES;
/*!50003 SET @saved_cs_client      = @@character_set_client */ ;
/*!50003 SET @saved_cs_results     = @@character_set_results */ ;
/*!50003 SET @saved_col_connection = @@collation_connection */ ;
/*!50003 SET character_set_client  = utf8mb4 */ ;
/*!50003 SET character_set_results = utf8mb4 */ ;
/*!50003 SET collation_connection  = utf8mb4_0900_ai_ci */ ;
/*!50003 SET @saved_sql_mode       = @@sql_mode */ ;
/*!50003 SET sql_mode              = 'ONLY_FULL_GROUP_BY,STRICT_TRANS_TABLES,NO_ZERO_IN_DATE,NO_ZERO_DATE,ERROR_FOR_DIVISION_BY_ZERO,NO_ENGINE_SUBSTITUTION' */ ;
DELIMITER ;;
/*!50003 CREATE*/ /*!50017 DEFINER=`root`@`localhost`*/ /*!50003 TRIGGER `duplicateBooking` BEFORE INSERT ON `booking` FOR EACH ROW BEGIN
    IF EXISTS (
        SELECT *
        FROM booking
        WHERE passenger_id = NEW.passenger_id
        AND schedule_id = NEW.schedule_id
    ) THEN
        SIGNAL SQLSTATE '45000' 
        SET MESSAGE_TEXT = 'Cannot book the same ticket more than once';
    END IF;
END */;;
DELIMITER ;
/*!50003 SET sql_mode              = @saved_sql_mode */ ;
/*!50003 SET character_set_client  = @saved_cs_client */ ;
/*!50003 SET character_set_results = @saved_cs_results */ ;
/*!50003 SET collation_connection  = @saved_col_connection */ ;
/*!50003 SET @saved_cs_client      = @@character_set_client */ ;
/*!50003 SET @saved_cs_results     = @@character_set_results */ ;
/*!50003 SET @saved_col_connection = @@collation_connection */ ;
/*!50003 SET character_set_client  = utf8mb4 */ ;
/*!50003 SET character_set_results = utf8mb4 */ ;
/*!50003 SET collation_connection  = utf8mb4_0900_ai_ci */ ;
/*!50003 SET @saved_sql_mode       = @@sql_mode */ ;
/*!50003 SET sql_mode              = 'ONLY_FULL_GROUP_BY,STRICT_TRANS_TABLES,NO_ZERO_IN_DATE,NO_ZERO_DATE,ERROR_FOR_DIVISION_BY_ZERO,NO_ENGINE_SUBSTITUTION' */ ;
DELIMITER ;;
/*!50003 CREATE*/ /*!50017 DEFINER=`root`@`localhost`*/ /*!50003 TRIGGER `checkSeatsLeft` BEFORE INSERT ON `booking` FOR EACH ROW BEGIN
    DECLARE remaining_seats INT;
    SELECT tickets_left INTO remaining_seats FROM schedules WHERE schedule_id = NEW.schedule_id;
    IF remaining_seats <= 0 THEN
        SIGNAL SQLSTATE '45000' SET MESSAGE_TEXT = 'Error: No seats left on this schedule';
    ELSE
        UPDATE schedules SET tickets_left = tickets_left - 1 WHERE schedule_id = NEW.schedule_id;
    END IF;
END */;;
DELIMITER ;
/*!50003 SET sql_mode              = @saved_sql_mode */ ;
/*!50003 SET character_set_client  = @saved_cs_client */ ;
/*!50003 SET character_set_results = @saved_cs_results */ ;
/*!50003 SET collation_connection  = @saved_col_connection */ ;
/*!50003 SET @saved_cs_client      = @@character_set_client */ ;
/*!50003 SET @saved_cs_results     = @@character_set_results */ ;
/*!50003 SET @saved_col_connection = @@collation_connection */ ;
/*!50003 SET character_set_client  = utf8mb4 */ ;
/*!50003 SET character_set_results = utf8mb4 */ ;
/*!50003 SET collation_connection  = utf8mb4_0900_ai_ci */ ;
/*!50003 SET @saved_sql_mode       = @@sql_mode */ ;
/*!50003 SET sql_mode              = 'ONLY_FULL_GROUP_BY,STRICT_TRANS_TABLES,NO_ZERO_IN_DATE,NO_ZERO_DATE,ERROR_FOR_DIVISION_BY_ZERO,NO_ENGINE_SUBSTITUTION' */ ;
DELIMITER ;;
/*!50003 CREATE*/ /*!50017 DEFINER=`root`@`localhost`*/ /*!50003 TRIGGER `updateSeatsOnUpdate` BEFORE UPDATE ON `booking` FOR EACH ROW BEGIN
    UPDATE schedules
    SET tickets_left = tickets_left - 1
    WHERE schedule_id =  NEW.schedule_id;
    UPDATE schedules
    SET tickets_left = tickets_left + 1
    WHERE schedule_id = OLD.schedule_id;
END */;;
DELIMITER ;
/*!50003 SET sql_mode              = @saved_sql_mode */ ;
/*!50003 SET character_set_client  = @saved_cs_client */ ;
/*!50003 SET character_set_results = @saved_cs_results */ ;
/*!50003 SET collation_connection  = @saved_col_connection */ ;
/*!50003 SET @saved_cs_client      = @@character_set_client */ ;
/*!50003 SET @saved_cs_results     = @@character_set_results */ ;
/*!50003 SET @saved_col_connection = @@collation_connection */ ;
/*!50003 SET character_set_client  = utf8mb4 */ ;
/*!50003 SET character_set_results = utf8mb4 */ ;
/*!50003 SET collation_connection  = utf8mb4_0900_ai_ci */ ;
/*!50003 SET @saved_sql_mode       = @@sql_mode */ ;
/*!50003 SET sql_mode              = 'ONLY_FULL_GROUP_BY,STRICT_TRANS_TABLES,NO_ZERO_IN_DATE,NO_ZERO_DATE,ERROR_FOR_DIVISION_BY_ZERO,NO_ENGINE_SUBSTITUTION' */ ;
DELIMITER ;;
/*!50003 CREATE*/ /*!50017 DEFINER=`root`@`localhost`*/ /*!50003 TRIGGER `beforeUpdateBooking` BEFORE UPDATE ON `booking` FOR EACH ROW BEGIN
    IF EXISTS (
        SELECT *
        FROM booking
        WHERE passenger_id = NEW.passenger_id
        AND schedule_id = NEW.schedule_id
        and booking_id = new.booking_id
    ) THEN
        SIGNAL SQLSTATE '45000' 
        SET MESSAGE_TEXT = 'Cannot book the same schedule for the same passenger more than once';
    END IF;
END */;;
DELIMITER ;
/*!50003 SET sql_mode              = @saved_sql_mode */ ;
/*!50003 SET character_set_client  = @saved_cs_client */ ;
/*!50003 SET character_set_results = @saved_cs_results */ ;
/*!50003 SET collation_connection  = @saved_col_connection */ ;
/*!50003 SET @saved_cs_client      = @@character_set_client */ ;
/*!50003 SET @saved_cs_results     = @@character_set_results */ ;
/*!50003 SET @saved_col_connection = @@collation_connection */ ;
/*!50003 SET character_set_client  = utf8mb4 */ ;
/*!50003 SET character_set_results = utf8mb4 */ ;
/*!50003 SET collation_connection  = utf8mb4_0900_ai_ci */ ;
/*!50003 SET @saved_sql_mode       = @@sql_mode */ ;
/*!50003 SET sql_mode              = 'ONLY_FULL_GROUP_BY,STRICT_TRANS_TABLES,NO_ZERO_IN_DATE,NO_ZERO_DATE,ERROR_FOR_DIVISION_BY_ZERO,NO_ENGINE_SUBSTITUTION' */ ;
DELIMITER ;;
/*!50003 CREATE*/ /*!50017 DEFINER=`root`@`localhost`*/ /*!50003 TRIGGER `beforeUpdateForScheduleNotExistsBooking` BEFORE UPDATE ON `booking` FOR EACH ROW BEGIN
    IF NOT EXISTS (SELECT * FROM schedules WHERE schedule_id = NEW.schedule_id) THEN
        SIGNAL SQLSTATE '45000' 
        SET MESSAGE_TEXT = 'Invalid schedule ID';
    END IF;
END */;;
DELIMITER ;
/*!50003 SET sql_mode              = @saved_sql_mode */ ;
/*!50003 SET character_set_client  = @saved_cs_client */ ;
/*!50003 SET character_set_results = @saved_cs_results */ ;
/*!50003 SET collation_connection  = @saved_col_connection */ ;
/*!50003 SET @saved_cs_client      = @@character_set_client */ ;
/*!50003 SET @saved_cs_results     = @@character_set_results */ ;
/*!50003 SET @saved_col_connection = @@collation_connection */ ;
/*!50003 SET character_set_client  = utf8mb4 */ ;
/*!50003 SET character_set_results = utf8mb4 */ ;
/*!50003 SET collation_connection  = utf8mb4_0900_ai_ci */ ;
/*!50003 SET @saved_sql_mode       = @@sql_mode */ ;
/*!50003 SET sql_mode              = 'ONLY_FULL_GROUP_BY,STRICT_TRANS_TABLES,NO_ZERO_IN_DATE,NO_ZERO_DATE,ERROR_FOR_DIVISION_BY_ZERO,NO_ENGINE_SUBSTITUTION' */ ;
DELIMITER ;;
/*!50003 CREATE*/ /*!50017 DEFINER=`root`@`localhost`*/ /*!50003 TRIGGER `updateSeatsOnDelete` BEFORE DELETE ON `booking` FOR EACH ROW BEGIN
    UPDATE schedules SET tickets_left = tickets_left + 1 WHERE schedule_id = OLD.schedule_id;
END */;;
DELIMITER ;
/*!50003 SET sql_mode              = @saved_sql_mode */ ;
/*!50003 SET character_set_client  = @saved_cs_client */ ;
/*!50003 SET character_set_results = @saved_cs_results */ ;
/*!50003 SET collation_connection  = @saved_col_connection */ ;

--
-- Table structure for table `city`
--

DROP TABLE IF EXISTS `city`;
/*!40101 SET @saved_cs_client     = @@character_set_client */;
/*!50503 SET character_set_client = utf8mb4 */;
CREATE TABLE `city` (
  `country_id` varchar(127) NOT NULL,
  `city_id` varchar(127) NOT NULL,
  `city_name` varchar(127) NOT NULL,
  PRIMARY KEY (`city_id`),
  KEY `FK_city_country` (`country_id`),
  CONSTRAINT `FK_city_country` FOREIGN KEY (`country_id`) REFERENCES `country` (`country_id`) ON DELETE CASCADE ON UPDATE CASCADE
) ENGINE=InnoDB DEFAULT CHARSET=utf8mb4 COLLATE=utf8mb4_0900_ai_ci;
/*!40101 SET character_set_client = @saved_cs_client */;

--
-- Dumping data for table `city`
--

LOCK TABLES `city` WRITE;
/*!40000 ALTER TABLE `city` DISABLE KEYS */;
INSERT INTO `city` VALUES ('CHN','BEI','Beijing'),('IND','BLR','Bengaluru'),('IND','CHE','Chennai'),('IND','DEL','Delhi'),('IND','HYD','Hyderabad'),('USA','LA','Los Angeles'),('CAN','MTL','Montreal'),('USA','NYC','New York City'),('CAN','TOR','Toronto');
/*!40000 ALTER TABLE `city` ENABLE KEYS */;
UNLOCK TABLES;

--
-- Table structure for table `country`
--

DROP TABLE IF EXISTS `country`;
/*!40101 SET @saved_cs_client     = @@character_set_client */;
/*!50503 SET character_set_client = utf8mb4 */;
CREATE TABLE `country` (
  `country_id` varchar(127) NOT NULL,
  `country_name` varchar(127) NOT NULL,
  PRIMARY KEY (`country_id`)
) ENGINE=InnoDB DEFAULT CHARSET=utf8mb4 COLLATE=utf8mb4_0900_ai_ci;
/*!40101 SET character_set_client = @saved_cs_client */;

--
-- Dumping data for table `country`
--

LOCK TABLES `country` WRITE;
/*!40000 ALTER TABLE `country` DISABLE KEYS */;
INSERT INTO `country` VALUES ('CAN','Canada'),('CHN','China'),('IND','India'),('USA','United States of America');
/*!40000 ALTER TABLE `country` ENABLE KEYS */;
UNLOCK TABLES;

--
-- Table structure for table `employees`
--

DROP TABLE IF EXISTS `employees`;
/*!40101 SET @saved_cs_client     = @@character_set_client */;
/*!50503 SET character_set_client = utf8mb4 */;
CREATE TABLE `employees` (
  `employee_id` varchar(127) NOT NULL,
  `ssn` varchar(127) NOT NULL,
  `employee_fname` varchar(127) NOT NULL,
  `employee_lname` varchar(127) NOT NULL,
  `airlines_id` varchar(127) NOT NULL,
  PRIMARY KEY (`employee_id`),
  KEY `FK_employees_airlines` (`airlines_id`),
  CONSTRAINT `FK_employees_airlines` FOREIGN KEY (`airlines_id`) REFERENCES `airlines` (`airlines_id`) ON DELETE CASCADE ON UPDATE CASCADE
) ENGINE=InnoDB DEFAULT CHARSET=utf8mb4 COLLATE=utf8mb4_0900_ai_ci;
/*!40101 SET character_set_client = @saved_cs_client */;

--
-- Dumping data for table `employees`
--

LOCK TABLES `employees` WRITE;
/*!40000 ALTER TABLE `employees` DISABLE KEYS */;
INSERT INTO `employees` VALUES ('1','111-22-3333','Sanjana','Kandunoori','AA'),('2','222-33-4444','Ram','Mogulla','AA'),('3','333-44-5555','Sushmitha','Kurum','DL'),('4','444-55-6666','Rajesh','Adi','DL'),('5','555-66-7777','Arjun','Rampal','UA'),('6','666-77-8888','Priyanka','Rajesh','UA');
/*!40000 ALTER TABLE `employees` ENABLE KEYS */;
UNLOCK TABLES;

--
-- Table structure for table `ground_staff`
--

DROP TABLE IF EXISTS `ground_staff`;
/*!40101 SET @saved_cs_client     = @@character_set_client */;
/*!50503 SET character_set_client = utf8mb4 */;
CREATE TABLE `ground_staff` (
  `employee_id` varchar(127) NOT NULL,
  `employee_email` varchar(127) NOT NULL,
  `employee_password` varchar(127) NOT NULL,
  PRIMARY KEY (`employee_id`,`employee_email`),
  UNIQUE KEY `employee_email` (`employee_email`),
  CONSTRAINT `FK_employees_ground_staff` FOREIGN KEY (`employee_id`) REFERENCES `employees` (`employee_id`) ON DELETE CASCADE ON UPDATE CASCADE
) ENGINE=InnoDB DEFAULT CHARSET=utf8mb4 COLLATE=utf8mb4_0900_ai_ci;
/*!40101 SET character_set_client = @saved_cs_client */;

--
-- Dumping data for table `ground_staff`
--

LOCK TABLES `ground_staff` WRITE;
/*!40000 ALTER TABLE `ground_staff` DISABLE KEYS */;
INSERT INTO `ground_staff` VALUES ('1','sanjana@gmail.com','1234'),('2','rajesh@gmail.com','1234'),('3','sushmitha@gmail.com','1234');
/*!40000 ALTER TABLE `ground_staff` ENABLE KEYS */;
UNLOCK TABLES;

--
-- Table structure for table `model`
--

DROP TABLE IF EXISTS `model`;
/*!40101 SET @saved_cs_client     = @@character_set_client */;
/*!50503 SET character_set_client = utf8mb4 */;
CREATE TABLE `model` (
  `model_id` varchar(127) NOT NULL,
  `model_name` varchar(127) NOT NULL,
  PRIMARY KEY (`model_id`)
) ENGINE=InnoDB DEFAULT CHARSET=utf8mb4 COLLATE=utf8mb4_0900_ai_ci;
/*!40101 SET character_set_client = @saved_cs_client */;

--
-- Dumping data for table `model`
--

LOCK TABLES `model` WRITE;
/*!40000 ALTER TABLE `model` DISABLE KEYS */;
INSERT INTO `model` VALUES ('1','Boeing 737'),('2','Airbus A320'),('3','Boeing 787'),('4','Airbus A380'),('5','Embraer E190');
/*!40000 ALTER TABLE `model` ENABLE KEYS */;
UNLOCK TABLES;

--
-- Table structure for table `passengers`
--

DROP TABLE IF EXISTS `passengers`;
/*!40101 SET @saved_cs_client     = @@character_set_client */;
/*!50503 SET character_set_client = utf8mb4 */;
CREATE TABLE `passengers` (
  `passenger_id` int NOT NULL AUTO_INCREMENT,
  `passenger_name` varchar(127) NOT NULL,
  `email` varchar(127) NOT NULL,
  `passoword` varchar(20) NOT NULL,
  `date_of_birth` date NOT NULL,
  `city` varchar(127) NOT NULL,
  PRIMARY KEY (`passenger_id`),
  UNIQUE KEY `email` (`email`)
) ENGINE=InnoDB AUTO_INCREMENT=3 DEFAULT CHARSET=utf8mb4 COLLATE=utf8mb4_0900_ai_ci;
/*!40101 SET character_set_client = @saved_cs_client */;

--
-- Dumping data for table `passengers`
--

LOCK TABLES `passengers` WRITE;
/*!40000 ALTER TABLE `passengers` DISABLE KEYS */;
INSERT INTO `passengers` VALUES (1,'Rensuree Chava','renusreechava@gmail.com','pass1','1999-10-11','Bengaluru'),(2,'Chetan Chauhan','chetanc@gmail.com','pass1','1996-02-23','Delhi');
/*!40000 ALTER TABLE `passengers` ENABLE KEYS */;
UNLOCK TABLES;
/*!50003 SET @saved_cs_client      = @@character_set_client */ ;
/*!50003 SET @saved_cs_results     = @@character_set_results */ ;
/*!50003 SET @saved_col_connection = @@collation_connection */ ;
/*!50003 SET character_set_client  = utf8mb4 */ ;
/*!50003 SET character_set_results = utf8mb4 */ ;
/*!50003 SET collation_connection  = utf8mb4_0900_ai_ci */ ;
/*!50003 SET @saved_sql_mode       = @@sql_mode */ ;
/*!50003 SET sql_mode              = 'ONLY_FULL_GROUP_BY,STRICT_TRANS_TABLES,NO_ZERO_IN_DATE,NO_ZERO_DATE,ERROR_FOR_DIVISION_BY_ZERO,NO_ENGINE_SUBSTITUTION' */ ;
DELIMITER ;;
/*!50003 CREATE*/ /*!50017 DEFINER=`root`@`localhost`*/ /*!50003 TRIGGER `duplicateUser` BEFORE INSERT ON `passengers` FOR EACH ROW BEGIN
    IF EXISTS (SELECT * FROM passengers WHERE email = NEW.email) THEN
        SIGNAL SQLSTATE '45000' SET MESSAGE_TEXT = 'User with this email already exists';
    END IF;
END */;;
DELIMITER ;
/*!50003 SET sql_mode              = @saved_sql_mode */ ;
/*!50003 SET character_set_client  = @saved_cs_client */ ;
/*!50003 SET character_set_results = @saved_cs_results */ ;
/*!50003 SET collation_connection  = @saved_col_connection */ ;

--
-- Table structure for table `pilots`
--

DROP TABLE IF EXISTS `pilots`;
/*!40101 SET @saved_cs_client     = @@character_set_client */;
/*!50503 SET character_set_client = utf8mb4 */;
CREATE TABLE `pilots` (
  `employee_id` varchar(127) NOT NULL,
  `ranking` varchar(127) NOT NULL,
  `start_date` date NOT NULL,
  PRIMARY KEY (`employee_id`,`ranking`),
  CONSTRAINT `FK_employees_pilots` FOREIGN KEY (`employee_id`) REFERENCES `employees` (`employee_id`) ON DELETE CASCADE ON UPDATE CASCADE
) ENGINE=InnoDB DEFAULT CHARSET=utf8mb4 COLLATE=utf8mb4_0900_ai_ci;
/*!40101 SET character_set_client = @saved_cs_client */;

--
-- Dumping data for table `pilots`
--

LOCK TABLES `pilots` WRITE;
/*!40000 ALTER TABLE `pilots` DISABLE KEYS */;
INSERT INTO `pilots` VALUES ('4','Captain','2020-01-01'),('5','First Officer','2021-03-15'),('6','Captain','2018-05-10');
/*!40000 ALTER TABLE `pilots` ENABLE KEYS */;
UNLOCK TABLES;

--
-- Table structure for table `routes`
--

DROP TABLE IF EXISTS `routes`;
/*!40101 SET @saved_cs_client     = @@character_set_client */;
/*!50503 SET character_set_client = utf8mb4 */;
CREATE TABLE `routes` (
  `route_id` varchar(127) NOT NULL,
  `origin` varchar(127) NOT NULL,
  `destination` varchar(127) NOT NULL,
  PRIMARY KEY (`route_id`),
  KEY `FK_routes_city1` (`origin`),
  KEY `FK_routes_city2` (`destination`),
  CONSTRAINT `FK_routes_city1` FOREIGN KEY (`origin`) REFERENCES `city` (`city_id`) ON DELETE CASCADE ON UPDATE CASCADE,
  CONSTRAINT `FK_routes_city2` FOREIGN KEY (`destination`) REFERENCES `city` (`city_id`) ON DELETE CASCADE ON UPDATE CASCADE
) ENGINE=InnoDB DEFAULT CHARSET=utf8mb4 COLLATE=utf8mb4_0900_ai_ci;
/*!40101 SET character_set_client = @saved_cs_client */;

--
-- Dumping data for table `routes`
--

LOCK TABLES `routes` WRITE;
/*!40000 ALTER TABLE `routes` DISABLE KEYS */;
INSERT INTO `routes` VALUES ('R01','NYC','TOR'),('R02','LA','DEL'),('R03','TOR','MTL'),('R04','HYD','BLR'),('R05','BLR','BEI'),('R06','CHE','BLR'),('R07','LA','TOR'),('R08','BLR','DEL'),('R09','DEL','NYC'),('R10','NYC','BEI');
/*!40000 ALTER TABLE `routes` ENABLE KEYS */;
UNLOCK TABLES;

--
-- Table structure for table `schedules`
--

DROP TABLE IF EXISTS `schedules`;
/*!40101 SET @saved_cs_client     = @@character_set_client */;
/*!50503 SET character_set_client = utf8mb4 */;
CREATE TABLE `schedules` (
  `schedule_id` int NOT NULL AUTO_INCREMENT,
  `dept_time` datetime NOT NULL,
  `arr_time` datetime NOT NULL,
  `tickets_left` int NOT NULL,
  `route_id` varchar(127) NOT NULL,
  `aircraft_id` varchar(127) NOT NULL,
  `fare` int NOT NULL,
  PRIMARY KEY (`schedule_id`),
  KEY `FK_schedules_routes` (`route_id`),
  KEY `FK_schedules_aircraft` (`aircraft_id`),
  CONSTRAINT `FK_schedules_aircraft` FOREIGN KEY (`aircraft_id`) REFERENCES `aircraft` (`aircraft_id`) ON DELETE CASCADE ON UPDATE CASCADE,
  CONSTRAINT `FK_schedules_routes` FOREIGN KEY (`route_id`) REFERENCES `routes` (`route_id`) ON DELETE CASCADE ON UPDATE CASCADE
) ENGINE=InnoDB AUTO_INCREMENT=21 DEFAULT CHARSET=utf8mb4 COLLATE=utf8mb4_0900_ai_ci;
/*!40101 SET character_set_client = @saved_cs_client */;

--
-- Dumping data for table `schedules`
--

LOCK TABLES `schedules` WRITE;
/*!40000 ALTER TABLE `schedules` DISABLE KEYS */;
INSERT INTO `schedules` VALUES (1,'2023-05-01 10:00:00','2023-05-01 12:00:00',1,'R01','AA1001',200),(2,'2023-05-01 14:00:00','2023-05-01 16:00:00',149,'R01','UA2001',180),(3,'2023-05-02 08:00:00','2023-05-02 10:00:00',50,'R02','DL3001',190),(4,'2023-05-02 12:00:00','2023-05-02 14:00:00',120,'R02','EK4001',101),(5,'2023-05-03 09:00:00','2023-05-03 11:00:00',80,'R03','AC5001',100),(6,'2023-05-03 13:00:00','2023-05-03 15:00:00',90,'R03','AC5001',100),(7,'2023-05-04 11:00:00','2023-05-04 13:00:00',110,'R04','DL3001',190),(8,'2023-05-04 15:00:00','2023-05-04 17:00:00',70,'R04','DL3001',190),(9,'2023-05-05 08:00:00','2023-05-05 12:00:00',200,'R05','AC5001',100),(10,'2023-05-06 10:00:00','2023-05-06 14:00:00',120,'R06','AA1001',20),(11,'2023-05-07 12:00:00','2023-05-07 16:00:00',80,'R07','EK4001',101),(12,'2023-05-08 14:00:00','2023-05-08 16:00:00',50,'R08','DL3001',190),(13,'2023-05-09 09:00:00','2023-05-09 11:00:00',70,'R09','AA1001',20),(14,'2023-05-10 11:00:00','2023-05-10 13:00:00',90,'R10','DL3001',190),(15,'2023-05-11 14:00:00','2023-05-11 16:00:00',100,'R01','AC5001',100),(16,'2023-05-12 08:00:00','2023-05-12 10:00:00',80,'R02','EK4001',101),(17,'2023-05-13 12:00:00','2023-05-13 14:00:00',60,'R03','EK4001',101),(18,'2023-05-14 09:00:00','2023-05-14 11:00:00',150,'R04','AA1001',200),(19,'2023-06-01 09:00:00','2023-06-01 11:00:00',1,'R10','AA1001',180),(20,'2023-06-01 11:00:00','2023-06-01 13:00:00',2,'R10','EK4001',800);
/*!40000 ALTER TABLE `schedules` ENABLE KEYS */;
UNLOCK TABLES;
/*!50003 SET @saved_cs_client      = @@character_set_client */ ;
/*!50003 SET @saved_cs_results     = @@character_set_results */ ;
/*!50003 SET @saved_col_connection = @@collation_connection */ ;
/*!50003 SET character_set_client  = utf8mb4 */ ;
/*!50003 SET character_set_results = utf8mb4 */ ;
/*!50003 SET collation_connection  = utf8mb4_0900_ai_ci */ ;
/*!50003 SET @saved_sql_mode       = @@sql_mode */ ;
/*!50003 SET sql_mode              = 'ONLY_FULL_GROUP_BY,STRICT_TRANS_TABLES,NO_ZERO_IN_DATE,NO_ZERO_DATE,ERROR_FOR_DIVISION_BY_ZERO,NO_ENGINE_SUBSTITUTION' */ ;
DELIMITER ;;
/*!50003 CREATE*/ /*!50017 DEFINER=`root`@`localhost`*/ /*!50003 TRIGGER `scheduleExists` BEFORE INSERT ON `schedules` FOR EACH ROW BEGIN
    IF EXISTS (
        SELECT * FROM schedules
        WHERE route_id = NEW.route_id
        AND dept_time = NEW.dept_time
        AND arr_time = NEW.arr_time
    )
    THEN
        SIGNAL SQLSTATE '45000' 
        SET MESSAGE_TEXT = 'Same schedule already exists';
    END IF;
END */;;
DELIMITER ;
/*!50003 SET sql_mode              = @saved_sql_mode */ ;
/*!50003 SET character_set_client  = @saved_cs_client */ ;
/*!50003 SET character_set_results = @saved_cs_results */ ;
/*!50003 SET collation_connection  = @saved_col_connection */ ;

--
-- Dumping events for database 'airport'
--

--
-- Dumping routines for database 'airport'
--
/*!50003 DROP FUNCTION IF EXISTS `bookTicket` */;
/*!50003 SET @saved_cs_client      = @@character_set_client */ ;
/*!50003 SET @saved_cs_results     = @@character_set_results */ ;
/*!50003 SET @saved_col_connection = @@collation_connection */ ;
/*!50003 SET character_set_client  = utf8mb4 */ ;
/*!50003 SET character_set_results = utf8mb4 */ ;
/*!50003 SET collation_connection  = utf8mb4_0900_ai_ci */ ;
/*!50003 SET @saved_sql_mode       = @@sql_mode */ ;
/*!50003 SET sql_mode              = 'ONLY_FULL_GROUP_BY,STRICT_TRANS_TABLES,NO_ZERO_IN_DATE,NO_ZERO_DATE,ERROR_FOR_DIVISION_BY_ZERO,NO_ENGINE_SUBSTITUTION' */ ;
DELIMITER ;;
CREATE DEFINER=`root`@`localhost` FUNCTION `bookTicket`(schedule_id VARCHAR(127),user_email VARCHAR(127)) RETURNS int
    MODIFIES SQL DATA
    DETERMINISTIC
BEGIN
DECLARE temp VARCHAR(127);
DECLARE pass_id VARCHAR(127);

SELECT passenger_id into pass_id from passengers where email=user_email;
INSERT INTO booking (schedule_id, passenger_id) values (schedule_id, pass_id);
SET temp = LAST_INSERT_ID();
RETURN temp;
END ;;
DELIMITER ;
/*!50003 SET sql_mode              = @saved_sql_mode */ ;
/*!50003 SET character_set_client  = @saved_cs_client */ ;
/*!50003 SET character_set_results = @saved_cs_results */ ;
/*!50003 SET collation_connection  = @saved_col_connection */ ;
/*!50003 DROP FUNCTION IF EXISTS `deleteTicket` */;
/*!50003 SET @saved_cs_client      = @@character_set_client */ ;
/*!50003 SET @saved_cs_results     = @@character_set_results */ ;
/*!50003 SET @saved_col_connection = @@collation_connection */ ;
/*!50003 SET character_set_client  = utf8mb4 */ ;
/*!50003 SET character_set_results = utf8mb4 */ ;
/*!50003 SET collation_connection  = utf8mb4_0900_ai_ci */ ;
/*!50003 SET @saved_sql_mode       = @@sql_mode */ ;
/*!50003 SET sql_mode              = 'ONLY_FULL_GROUP_BY,STRICT_TRANS_TABLES,NO_ZERO_IN_DATE,NO_ZERO_DATE,ERROR_FOR_DIVISION_BY_ZERO,NO_ENGINE_SUBSTITUTION' */ ;
DELIMITER ;;
CREATE DEFINER=`root`@`localhost` FUNCTION `deleteTicket`(delete_booking_id VARCHAR(127),user_email VARCHAR(127)) RETURNS int
    MODIFIES SQL DATA
    DETERMINISTIC
BEGIN
DECLARE pass_id VARCHAR(127);
SELECT passenger_id into pass_id from passengers where email=user_email;
DELETE FROM booking WHERE booking_id =  delete_booking_id and passenger_id = pass_id;
RETURN NULL;
END ;;
DELIMITER ;
/*!50003 SET sql_mode              = @saved_sql_mode */ ;
/*!50003 SET character_set_client  = @saved_cs_client */ ;
/*!50003 SET character_set_results = @saved_cs_results */ ;
/*!50003 SET collation_connection  = @saved_col_connection */ ;
/*!50003 DROP FUNCTION IF EXISTS `updateTicket` */;
/*!50003 SET @saved_cs_client      = @@character_set_client */ ;
/*!50003 SET @saved_cs_results     = @@character_set_results */ ;
/*!50003 SET @saved_col_connection = @@collation_connection */ ;
/*!50003 SET character_set_client  = utf8mb4 */ ;
/*!50003 SET character_set_results = utf8mb4 */ ;
/*!50003 SET collation_connection  = utf8mb4_0900_ai_ci */ ;
/*!50003 SET @saved_sql_mode       = @@sql_mode */ ;
/*!50003 SET sql_mode              = 'ONLY_FULL_GROUP_BY,STRICT_TRANS_TABLES,NO_ZERO_IN_DATE,NO_ZERO_DATE,ERROR_FOR_DIVISION_BY_ZERO,NO_ENGINE_SUBSTITUTION' */ ;
DELIMITER ;;
CREATE DEFINER=`root`@`localhost` FUNCTION `updateTicket`(new_schedule_id VARCHAR(127),user_email VARCHAR(127),old_booking_id VARCHAR(127)) RETURNS int
    MODIFIES SQL DATA
    DETERMINISTIC
BEGIN
DECLARE pass_id VARCHAR(127);
SELECT passenger_id into pass_id from passengers where email=user_email;
UPDATE  booking set schedule_id = new_schedule_id where passenger_id = pass_id and booking_id = old_booking_id;
RETURN NULL;
END ;;
DELIMITER ;
/*!50003 SET sql_mode              = @saved_sql_mode */ ;
/*!50003 SET character_set_client  = @saved_cs_client */ ;
/*!50003 SET character_set_results = @saved_cs_results */ ;
/*!50003 SET collation_connection  = @saved_col_connection */ ;
/*!50003 DROP FUNCTION IF EXISTS `updateUserCity` */;
/*!50003 SET @saved_cs_client      = @@character_set_client */ ;
/*!50003 SET @saved_cs_results     = @@character_set_results */ ;
/*!50003 SET @saved_col_connection = @@collation_connection */ ;
/*!50003 SET character_set_client  = utf8mb4 */ ;
/*!50003 SET character_set_results = utf8mb4 */ ;
/*!50003 SET collation_connection  = utf8mb4_0900_ai_ci */ ;
/*!50003 SET @saved_sql_mode       = @@sql_mode */ ;
/*!50003 SET sql_mode              = 'ONLY_FULL_GROUP_BY,STRICT_TRANS_TABLES,NO_ZERO_IN_DATE,NO_ZERO_DATE,ERROR_FOR_DIVISION_BY_ZERO,NO_ENGINE_SUBSTITUTION' */ ;
DELIMITER ;;
CREATE DEFINER=`root`@`localhost` FUNCTION `updateUserCity`(old_email VARCHAR(127),newCity VARCHAR(20)) RETURNS int
    MODIFIES SQL DATA
    DETERMINISTIC
BEGIN
UPDATE passengers SET city = newCity WHERE email = old_email;
RETURN NULL;
END ;;
DELIMITER ;
/*!50003 SET sql_mode              = @saved_sql_mode */ ;
/*!50003 SET character_set_client  = @saved_cs_client */ ;
/*!50003 SET character_set_results = @saved_cs_results */ ;
/*!50003 SET collation_connection  = @saved_col_connection */ ;
/*!50003 DROP FUNCTION IF EXISTS `updateUserEmail` */;
/*!50003 SET @saved_cs_client      = @@character_set_client */ ;
/*!50003 SET @saved_cs_results     = @@character_set_results */ ;
/*!50003 SET @saved_col_connection = @@collation_connection */ ;
/*!50003 SET character_set_client  = utf8mb4 */ ;
/*!50003 SET character_set_results = utf8mb4 */ ;
/*!50003 SET collation_connection  = utf8mb4_0900_ai_ci */ ;
/*!50003 SET @saved_sql_mode       = @@sql_mode */ ;
/*!50003 SET sql_mode              = 'ONLY_FULL_GROUP_BY,STRICT_TRANS_TABLES,NO_ZERO_IN_DATE,NO_ZERO_DATE,ERROR_FOR_DIVISION_BY_ZERO,NO_ENGINE_SUBSTITUTION' */ ;
DELIMITER ;;
CREATE DEFINER=`root`@`localhost` FUNCTION `updateUserEmail`(old_email VARCHAR(127),newEmail VARCHAR(20)) RETURNS int
    MODIFIES SQL DATA
    DETERMINISTIC
BEGIN
UPDATE passengers SET email = newEmail WHERE email = old_email;
RETURN NULL;
END ;;
DELIMITER ;
/*!50003 SET sql_mode              = @saved_sql_mode */ ;
/*!50003 SET character_set_client  = @saved_cs_client */ ;
/*!50003 SET character_set_results = @saved_cs_results */ ;
/*!50003 SET collation_connection  = @saved_col_connection */ ;
/*!50003 DROP FUNCTION IF EXISTS `updateUserName` */;
/*!50003 SET @saved_cs_client      = @@character_set_client */ ;
/*!50003 SET @saved_cs_results     = @@character_set_results */ ;
/*!50003 SET @saved_col_connection = @@collation_connection */ ;
/*!50003 SET character_set_client  = utf8mb4 */ ;
/*!50003 SET character_set_results = utf8mb4 */ ;
/*!50003 SET collation_connection  = utf8mb4_0900_ai_ci */ ;
/*!50003 SET @saved_sql_mode       = @@sql_mode */ ;
/*!50003 SET sql_mode              = 'ONLY_FULL_GROUP_BY,STRICT_TRANS_TABLES,NO_ZERO_IN_DATE,NO_ZERO_DATE,ERROR_FOR_DIVISION_BY_ZERO,NO_ENGINE_SUBSTITUTION' */ ;
DELIMITER ;;
CREATE DEFINER=`root`@`localhost` FUNCTION `updateUserName`(old_email VARCHAR(127),newName VARCHAR(20)) RETURNS int
    MODIFIES SQL DATA
    DETERMINISTIC
BEGIN
UPDATE passengers SET passenger_name = newName WHERE email = old_email;
RETURN NULL;
END ;;
DELIMITER ;
/*!50003 SET sql_mode              = @saved_sql_mode */ ;
/*!50003 SET character_set_client  = @saved_cs_client */ ;
/*!50003 SET character_set_results = @saved_cs_results */ ;
/*!50003 SET collation_connection  = @saved_col_connection */ ;
/*!50003 DROP FUNCTION IF EXISTS `updateUserPassword` */;
/*!50003 SET @saved_cs_client      = @@character_set_client */ ;
/*!50003 SET @saved_cs_results     = @@character_set_results */ ;
/*!50003 SET @saved_col_connection = @@collation_connection */ ;
/*!50003 SET character_set_client  = utf8mb4 */ ;
/*!50003 SET character_set_results = utf8mb4 */ ;
/*!50003 SET collation_connection  = utf8mb4_0900_ai_ci */ ;
/*!50003 SET @saved_sql_mode       = @@sql_mode */ ;
/*!50003 SET sql_mode              = 'ONLY_FULL_GROUP_BY,STRICT_TRANS_TABLES,NO_ZERO_IN_DATE,NO_ZERO_DATE,ERROR_FOR_DIVISION_BY_ZERO,NO_ENGINE_SUBSTITUTION' */ ;
DELIMITER ;;
CREATE DEFINER=`root`@`localhost` FUNCTION `updateUserPassword`(old_email VARCHAR(127),passowordnew VARCHAR(20)) RETURNS int
    MODIFIES SQL DATA
    DETERMINISTIC
BEGIN
UPDATE passengers SET passoword = passowordnew WHERE email = old_email;
RETURN NULL;
END ;;
DELIMITER ;
/*!50003 SET sql_mode              = @saved_sql_mode */ ;
/*!50003 SET character_set_client  = @saved_cs_client */ ;
/*!50003 SET character_set_results = @saved_cs_results */ ;
/*!50003 SET collation_connection  = @saved_col_connection */ ;
/*!50003 DROP PROCEDURE IF EXISTS `createNewUser` */;
/*!50003 SET @saved_cs_client      = @@character_set_client */ ;
/*!50003 SET @saved_cs_results     = @@character_set_results */ ;
/*!50003 SET @saved_col_connection = @@collation_connection */ ;
/*!50003 SET character_set_client  = utf8mb4 */ ;
/*!50003 SET character_set_results = utf8mb4 */ ;
/*!50003 SET collation_connection  = utf8mb4_0900_ai_ci */ ;
/*!50003 SET @saved_sql_mode       = @@sql_mode */ ;
/*!50003 SET sql_mode              = 'ONLY_FULL_GROUP_BY,STRICT_TRANS_TABLES,NO_ZERO_IN_DATE,NO_ZERO_DATE,ERROR_FOR_DIVISION_BY_ZERO,NO_ENGINE_SUBSTITUTION' */ ;
DELIMITER ;;
CREATE DEFINER=`root`@`localhost` PROCEDURE `createNewUser`(
  IN p_name VARCHAR(127),
  IN p_email VARCHAR(127),
  IN p_password VARCHAR(20),
  IN p_date_of_birth DATE,
  IN p_city VARCHAR(127)
)
BEGIN

  INSERT INTO passengers ( passenger_name, email, passoword, date_of_birth, city)
  VALUES ( p_name, p_email, p_password, p_date_of_birth, p_city);
END ;;
DELIMITER ;
/*!50003 SET sql_mode              = @saved_sql_mode */ ;
/*!50003 SET character_set_client  = @saved_cs_client */ ;
/*!50003 SET character_set_results = @saved_cs_results */ ;
/*!50003 SET collation_connection  = @saved_col_connection */ ;
/*!50003 DROP PROCEDURE IF EXISTS `createSchedule` */;
/*!50003 SET @saved_cs_client      = @@character_set_client */ ;
/*!50003 SET @saved_cs_results     = @@character_set_results */ ;
/*!50003 SET @saved_col_connection = @@collation_connection */ ;
/*!50003 SET character_set_client  = utf8mb4 */ ;
/*!50003 SET character_set_results = utf8mb4 */ ;
/*!50003 SET collation_connection  = utf8mb4_0900_ai_ci */ ;
/*!50003 SET @saved_sql_mode       = @@sql_mode */ ;
/*!50003 SET sql_mode              = 'ONLY_FULL_GROUP_BY,STRICT_TRANS_TABLES,NO_ZERO_IN_DATE,NO_ZERO_DATE,ERROR_FOR_DIVISION_BY_ZERO,NO_ENGINE_SUBSTITUTION' */ ;
DELIMITER ;;
CREATE DEFINER=`root`@`localhost` PROCEDURE `createSchedule`(in dept_new_time datetime, in arrival_new_time datetime, in tickets_left int, in route_id_new varchar(127),in air_craft_id varchar(127), in fare_new int)
begin
INSERT INTO schedules ( dept_time, arr_time, tickets_left, route_id,aircraft_id,fare)
  VALUES ( dept_new_time, arrival_new_time, tickets_left, route_id_new, air_craft_id,fare_new);
END ;;
DELIMITER ;
/*!50003 SET sql_mode              = @saved_sql_mode */ ;
/*!50003 SET character_set_client  = @saved_cs_client */ ;
/*!50003 SET character_set_results = @saved_cs_results */ ;
/*!50003 SET collation_connection  = @saved_col_connection */ ;
/*!50003 DROP PROCEDURE IF EXISTS `deleteBookings` */;
/*!50003 SET @saved_cs_client      = @@character_set_client */ ;
/*!50003 SET @saved_cs_results     = @@character_set_results */ ;
/*!50003 SET @saved_col_connection = @@collation_connection */ ;
/*!50003 SET character_set_client  = utf8mb4 */ ;
/*!50003 SET character_set_results = utf8mb4 */ ;
/*!50003 SET collation_connection  = utf8mb4_0900_ai_ci */ ;
/*!50003 SET @saved_sql_mode       = @@sql_mode */ ;
/*!50003 SET sql_mode              = 'ONLY_FULL_GROUP_BY,STRICT_TRANS_TABLES,NO_ZERO_IN_DATE,NO_ZERO_DATE,ERROR_FOR_DIVISION_BY_ZERO,NO_ENGINE_SUBSTITUTION' */ ;
DELIMITER ;;
CREATE DEFINER=`root`@`localhost` PROCEDURE `deleteBookings`(IN sch_id VARCHAR(127))
BEGIN
   
    DELETE FROM schedules WHERE schedule_id = sch_id;
    
   
END ;;
DELIMITER ;
/*!50003 SET sql_mode              = @saved_sql_mode */ ;
/*!50003 SET character_set_client  = @saved_cs_client */ ;
/*!50003 SET character_set_results = @saved_cs_results */ ;
/*!50003 SET collation_connection  = @saved_col_connection */ ;
/*!50003 DROP PROCEDURE IF EXISTS `findAllPassengers` */;
/*!50003 SET @saved_cs_client      = @@character_set_client */ ;
/*!50003 SET @saved_cs_results     = @@character_set_results */ ;
/*!50003 SET @saved_col_connection = @@collation_connection */ ;
/*!50003 SET character_set_client  = utf8mb4 */ ;
/*!50003 SET character_set_results = utf8mb4 */ ;
/*!50003 SET collation_connection  = utf8mb4_0900_ai_ci */ ;
/*!50003 SET @saved_sql_mode       = @@sql_mode */ ;
/*!50003 SET sql_mode              = 'ONLY_FULL_GROUP_BY,STRICT_TRANS_TABLES,NO_ZERO_IN_DATE,NO_ZERO_DATE,ERROR_FOR_DIVISION_BY_ZERO,NO_ENGINE_SUBSTITUTION' */ ;
DELIMITER ;;
CREATE DEFINER=`root`@`localhost` PROCEDURE `findAllPassengers`(IN schedule_id VARCHAR(127))
BEGIN
SELECT p.email,p.passenger_name,b.booking_id,b.schedule_id
    FROM passengers p
    INNER JOIN booking b ON p.passenger_id = b.passenger_id
    WHERE b.schedule_id = schedule_id;
END ;;
DELIMITER ;
/*!50003 SET sql_mode              = @saved_sql_mode */ ;
/*!50003 SET character_set_client  = @saved_cs_client */ ;
/*!50003 SET character_set_results = @saved_cs_results */ ;
/*!50003 SET collation_connection  = @saved_col_connection */ ;
/*!50003 DROP PROCEDURE IF EXISTS `findAllUserBookings` */;
/*!50003 SET @saved_cs_client      = @@character_set_client */ ;
/*!50003 SET @saved_cs_results     = @@character_set_results */ ;
/*!50003 SET @saved_col_connection = @@collation_connection */ ;
/*!50003 SET character_set_client  = utf8mb4 */ ;
/*!50003 SET character_set_results = utf8mb4 */ ;
/*!50003 SET collation_connection  = utf8mb4_0900_ai_ci */ ;
/*!50003 SET @saved_sql_mode       = @@sql_mode */ ;
/*!50003 SET sql_mode              = 'ONLY_FULL_GROUP_BY,STRICT_TRANS_TABLES,NO_ZERO_IN_DATE,NO_ZERO_DATE,ERROR_FOR_DIVISION_BY_ZERO,NO_ENGINE_SUBSTITUTION' */ ;
DELIMITER ;;
CREATE DEFINER=`root`@`localhost` PROCEDURE `findAllUserBookings`(IN passenger_email VARCHAR(255))
BEGIN
    SELECT p.passenger_id, p.passenger_name, p.email, b.booking_id, s.schedule_id, s.dept_time, s.arr_time, r.origin,r.destination,s.fare
    FROM passengers p
    LEFT JOIN booking b ON p.passenger_id = b.passenger_id
    LEFT JOIN schedules s ON b.schedule_id = s.schedule_id
    LEFT JOIN routes r ON s.route_id = r.route_id
    WHERE p.email = passenger_email;
END ;;
DELIMITER ;
/*!50003 SET sql_mode              = @saved_sql_mode */ ;
/*!50003 SET character_set_client  = @saved_cs_client */ ;
/*!50003 SET character_set_results = @saved_cs_results */ ;
/*!50003 SET collation_connection  = @saved_col_connection */ ;
/*!50003 DROP PROCEDURE IF EXISTS `findFlights` */;
/*!50003 SET @saved_cs_client      = @@character_set_client */ ;
/*!50003 SET @saved_cs_results     = @@character_set_results */ ;
/*!50003 SET @saved_col_connection = @@collation_connection */ ;
/*!50003 SET character_set_client  = utf8mb4 */ ;
/*!50003 SET character_set_results = utf8mb4 */ ;
/*!50003 SET collation_connection  = utf8mb4_0900_ai_ci */ ;
/*!50003 SET @saved_sql_mode       = @@sql_mode */ ;
/*!50003 SET sql_mode              = 'ONLY_FULL_GROUP_BY,STRICT_TRANS_TABLES,NO_ZERO_IN_DATE,NO_ZERO_DATE,ERROR_FOR_DIVISION_BY_ZERO,NO_ENGINE_SUBSTITUTION' */ ;
DELIMITER ;;
CREATE DEFINER=`root`@`localhost` PROCEDURE `findFlights`(IN input_date date,
IN og varchar(127),
IN ds VARCHAR(127))
begin
SELECT s.schedule_id, CONCAT(YEAR(s.dept_time), '-', LPAD(MONTH(s.dept_time), 2, '0'), '-', LPAD(DAY(s.dept_time), 2, '0'), ' ', LPAD(HOUR(s.dept_time), 2, '0'), ':', LPAD(MINUTE(s.dept_time), 2, '0'), ':', LPAD(SECOND(s.dept_time), 2, '0')) AS Time_of_Departure, CONCAT(YEAR(s.arr_time), '-', LPAD(MONTH(s.arr_time), 2, '0'), '-', LPAD(DAY(s.arr_time), 2, '0'), ' ', LPAD(HOUR(s.arr_time), 2, '0'), ':', LPAD(MINUTE(s.arr_time), 2, '0'), ':', LPAD(SECOND(s.arr_time), 2, '0')) AS Time_of_Arrival, s.route_id, r.origin,r.destination,s.fare, s.tickets_left FROM schedules s join routes r on s.route_id = r.route_id WHERE DATE(s.dept_time) = input_date AND r.origin = og AND r.destination = ds;
END ;;
DELIMITER ;
/*!50003 SET sql_mode              = @saved_sql_mode */ ;
/*!50003 SET character_set_client  = @saved_cs_client */ ;
/*!50003 SET character_set_results = @saved_cs_results */ ;
/*!50003 SET collation_connection  = @saved_col_connection */ ;
/*!50003 DROP PROCEDURE IF EXISTS `getAllAircrafts` */;
/*!50003 SET @saved_cs_client      = @@character_set_client */ ;
/*!50003 SET @saved_cs_results     = @@character_set_results */ ;
/*!50003 SET @saved_col_connection = @@collation_connection */ ;
/*!50003 SET character_set_client  = utf8mb4 */ ;
/*!50003 SET character_set_results = utf8mb4 */ ;
/*!50003 SET collation_connection  = utf8mb4_0900_ai_ci */ ;
/*!50003 SET @saved_sql_mode       = @@sql_mode */ ;
/*!50003 SET sql_mode              = 'ONLY_FULL_GROUP_BY,STRICT_TRANS_TABLES,NO_ZERO_IN_DATE,NO_ZERO_DATE,ERROR_FOR_DIVISION_BY_ZERO,NO_ENGINE_SUBSTITUTION' */ ;
DELIMITER ;;
CREATE DEFINER=`root`@`localhost` PROCEDURE `getAllAircrafts`()
begin
SELECT aircraft_id from aircraft;
END ;;
DELIMITER ;
/*!50003 SET sql_mode              = @saved_sql_mode */ ;
/*!50003 SET character_set_client  = @saved_cs_client */ ;
/*!50003 SET character_set_results = @saved_cs_results */ ;
/*!50003 SET collation_connection  = @saved_col_connection */ ;
/*!50003 DROP PROCEDURE IF EXISTS `getAllBookingId` */;
/*!50003 SET @saved_cs_client      = @@character_set_client */ ;
/*!50003 SET @saved_cs_results     = @@character_set_results */ ;
/*!50003 SET @saved_col_connection = @@collation_connection */ ;
/*!50003 SET character_set_client  = utf8mb4 */ ;
/*!50003 SET character_set_results = utf8mb4 */ ;
/*!50003 SET collation_connection  = utf8mb4_0900_ai_ci */ ;
/*!50003 SET @saved_sql_mode       = @@sql_mode */ ;
/*!50003 SET sql_mode              = 'ONLY_FULL_GROUP_BY,STRICT_TRANS_TABLES,NO_ZERO_IN_DATE,NO_ZERO_DATE,ERROR_FOR_DIVISION_BY_ZERO,NO_ENGINE_SUBSTITUTION' */ ;
DELIMITER ;;
CREATE DEFINER=`root`@`localhost` PROCEDURE `getAllBookingId`(IN input_email varchar(127))
begin
SELECT b.booking_id from booking b join passengers p on p.passenger_id = b.passenger_id
where p.email = input_email;
END ;;
DELIMITER ;
/*!50003 SET sql_mode              = @saved_sql_mode */ ;
/*!50003 SET character_set_client  = @saved_cs_client */ ;
/*!50003 SET character_set_results = @saved_cs_results */ ;
/*!50003 SET collation_connection  = @saved_col_connection */ ;
/*!50003 DROP PROCEDURE IF EXISTS `getAllEmails` */;
/*!50003 SET @saved_cs_client      = @@character_set_client */ ;
/*!50003 SET @saved_cs_results     = @@character_set_results */ ;
/*!50003 SET @saved_col_connection = @@collation_connection */ ;
/*!50003 SET character_set_client  = utf8mb4 */ ;
/*!50003 SET character_set_results = utf8mb4 */ ;
/*!50003 SET collation_connection  = utf8mb4_0900_ai_ci */ ;
/*!50003 SET @saved_sql_mode       = @@sql_mode */ ;
/*!50003 SET sql_mode              = 'ONLY_FULL_GROUP_BY,STRICT_TRANS_TABLES,NO_ZERO_IN_DATE,NO_ZERO_DATE,ERROR_FOR_DIVISION_BY_ZERO,NO_ENGINE_SUBSTITUTION' */ ;
DELIMITER ;;
CREATE DEFINER=`root`@`localhost` PROCEDURE `getAllEmails`()
begin
SELECT email from passengers;
END ;;
DELIMITER ;
/*!50003 SET sql_mode              = @saved_sql_mode */ ;
/*!50003 SET character_set_client  = @saved_cs_client */ ;
/*!50003 SET character_set_results = @saved_cs_results */ ;
/*!50003 SET collation_connection  = @saved_col_connection */ ;
/*!50003 DROP PROCEDURE IF EXISTS `getAllFlightSchedulesForADate` */;
/*!50003 SET @saved_cs_client      = @@character_set_client */ ;
/*!50003 SET @saved_cs_results     = @@character_set_results */ ;
/*!50003 SET @saved_col_connection = @@collation_connection */ ;
/*!50003 SET character_set_client  = utf8mb4 */ ;
/*!50003 SET character_set_results = utf8mb4 */ ;
/*!50003 SET collation_connection  = utf8mb4_0900_ai_ci */ ;
/*!50003 SET @saved_sql_mode       = @@sql_mode */ ;
/*!50003 SET sql_mode              = 'ONLY_FULL_GROUP_BY,STRICT_TRANS_TABLES,NO_ZERO_IN_DATE,NO_ZERO_DATE,ERROR_FOR_DIVISION_BY_ZERO,NO_ENGINE_SUBSTITUTION' */ ;
DELIMITER ;;
CREATE DEFINER=`root`@`localhost` PROCEDURE `getAllFlightSchedulesForADate`(IN input_date date)
begin
select s.schedule_id,s.route_id,r.origin,r.destination
 from routes r join schedules s 
 where r.route_id=s.route_id
 and CAST(s.dept_time as DATE) = input_date;
END ;;
DELIMITER ;
/*!50003 SET sql_mode              = @saved_sql_mode */ ;
/*!50003 SET character_set_client  = @saved_cs_client */ ;
/*!50003 SET character_set_results = @saved_cs_results */ ;
/*!50003 SET collation_connection  = @saved_col_connection */ ;
/*!50003 DROP PROCEDURE IF EXISTS `getAllOriginCities` */;
/*!50003 SET @saved_cs_client      = @@character_set_client */ ;
/*!50003 SET @saved_cs_results     = @@character_set_results */ ;
/*!50003 SET @saved_col_connection = @@collation_connection */ ;
/*!50003 SET character_set_client  = utf8mb4 */ ;
/*!50003 SET character_set_results = utf8mb4 */ ;
/*!50003 SET collation_connection  = utf8mb4_0900_ai_ci */ ;
/*!50003 SET @saved_sql_mode       = @@sql_mode */ ;
/*!50003 SET sql_mode              = 'ONLY_FULL_GROUP_BY,STRICT_TRANS_TABLES,NO_ZERO_IN_DATE,NO_ZERO_DATE,ERROR_FOR_DIVISION_BY_ZERO,NO_ENGINE_SUBSTITUTION' */ ;
DELIMITER ;;
CREATE DEFINER=`root`@`localhost` PROCEDURE `getAllOriginCities`()
begin
select distinct origin from routes;
END ;;
DELIMITER ;
/*!50003 SET sql_mode              = @saved_sql_mode */ ;
/*!50003 SET character_set_client  = @saved_cs_client */ ;
/*!50003 SET character_set_results = @saved_cs_results */ ;
/*!50003 SET collation_connection  = @saved_col_connection */ ;
/*!50003 DROP PROCEDURE IF EXISTS `getAllRoutes` */;
/*!50003 SET @saved_cs_client      = @@character_set_client */ ;
/*!50003 SET @saved_cs_results     = @@character_set_results */ ;
/*!50003 SET @saved_col_connection = @@collation_connection */ ;
/*!50003 SET character_set_client  = utf8mb4 */ ;
/*!50003 SET character_set_results = utf8mb4 */ ;
/*!50003 SET collation_connection  = utf8mb4_0900_ai_ci */ ;
/*!50003 SET @saved_sql_mode       = @@sql_mode */ ;
/*!50003 SET sql_mode              = 'ONLY_FULL_GROUP_BY,STRICT_TRANS_TABLES,NO_ZERO_IN_DATE,NO_ZERO_DATE,ERROR_FOR_DIVISION_BY_ZERO,NO_ENGINE_SUBSTITUTION' */ ;
DELIMITER ;;
CREATE DEFINER=`root`@`localhost` PROCEDURE `getAllRoutes`()
begin
select r.route_id,r.origin,r.destination from routes r;
END ;;
DELIMITER ;
/*!50003 SET sql_mode              = @saved_sql_mode */ ;
/*!50003 SET character_set_client  = @saved_cs_client */ ;
/*!50003 SET character_set_results = @saved_cs_results */ ;
/*!50003 SET collation_connection  = @saved_col_connection */ ;
/*!50003 DROP PROCEDURE IF EXISTS `getAllScheduleDetails` */;
/*!50003 SET @saved_cs_client      = @@character_set_client */ ;
/*!50003 SET @saved_cs_results     = @@character_set_results */ ;
/*!50003 SET @saved_col_connection = @@collation_connection */ ;
/*!50003 SET character_set_client  = utf8mb4 */ ;
/*!50003 SET character_set_results = utf8mb4 */ ;
/*!50003 SET collation_connection  = utf8mb4_0900_ai_ci */ ;
/*!50003 SET @saved_sql_mode       = @@sql_mode */ ;
/*!50003 SET sql_mode              = 'ONLY_FULL_GROUP_BY,STRICT_TRANS_TABLES,NO_ZERO_IN_DATE,NO_ZERO_DATE,ERROR_FOR_DIVISION_BY_ZERO,NO_ENGINE_SUBSTITUTION' */ ;
DELIMITER ;;
CREATE DEFINER=`root`@`localhost` PROCEDURE `getAllScheduleDetails`(in s_id int)
begin
select s.schedule_id,s.dept_time,s.arr_time,s.tickets_left,s.fare,r.route_id,r.origin,r.destination,a.model_id, m.model_name,a.aircraft_id,a.aircraft_name,a.capacity,a.start_date,ai.airlines_id,ai.airlines_name

from schedules s join routes r on r.route_id = s.route_id
join aircraft a on a.aircraft_id = s.aircraft_id 
join airlines ai on ai.airlines_id = a.airlines_id
join model m on m.model_id = a.model_id
where s.schedule_id = s_id;

END ;;
DELIMITER ;
/*!50003 SET sql_mode              = @saved_sql_mode */ ;
/*!50003 SET character_set_client  = @saved_cs_client */ ;
/*!50003 SET character_set_results = @saved_cs_results */ ;
/*!50003 SET collation_connection  = @saved_col_connection */ ;
/*!50003 DROP PROCEDURE IF EXISTS `getAllSchedules` */;
/*!50003 SET @saved_cs_client      = @@character_set_client */ ;
/*!50003 SET @saved_cs_results     = @@character_set_results */ ;
/*!50003 SET @saved_col_connection = @@collation_connection */ ;
/*!50003 SET character_set_client  = utf8mb4 */ ;
/*!50003 SET character_set_results = utf8mb4 */ ;
/*!50003 SET collation_connection  = utf8mb4_0900_ai_ci */ ;
/*!50003 SET @saved_sql_mode       = @@sql_mode */ ;
/*!50003 SET sql_mode              = 'ONLY_FULL_GROUP_BY,STRICT_TRANS_TABLES,NO_ZERO_IN_DATE,NO_ZERO_DATE,ERROR_FOR_DIVISION_BY_ZERO,NO_ENGINE_SUBSTITUTION' */ ;
DELIMITER ;;
CREATE DEFINER=`root`@`localhost` PROCEDURE `getAllSchedules`()
begin
select schedule_id from schedules;
END ;;
DELIMITER ;
/*!50003 SET sql_mode              = @saved_sql_mode */ ;
/*!50003 SET character_set_client  = @saved_cs_client */ ;
/*!50003 SET character_set_results = @saved_cs_results */ ;
/*!50003 SET collation_connection  = @saved_col_connection */ ;
/*!50003 DROP PROCEDURE IF EXISTS `getDetails` */;
/*!50003 SET @saved_cs_client      = @@character_set_client */ ;
/*!50003 SET @saved_cs_results     = @@character_set_results */ ;
/*!50003 SET @saved_col_connection = @@collation_connection */ ;
/*!50003 SET character_set_client  = utf8mb4 */ ;
/*!50003 SET character_set_results = utf8mb4 */ ;
/*!50003 SET collation_connection  = utf8mb4_0900_ai_ci */ ;
/*!50003 SET @saved_sql_mode       = @@sql_mode */ ;
/*!50003 SET sql_mode              = 'ONLY_FULL_GROUP_BY,STRICT_TRANS_TABLES,NO_ZERO_IN_DATE,NO_ZERO_DATE,ERROR_FOR_DIVISION_BY_ZERO,NO_ENGINE_SUBSTITUTION' */ ;
DELIMITER ;;
CREATE DEFINER=`root`@`localhost` PROCEDURE `getDetails`(IN booking_id_old VARCHAR(127))
begin
SELECT r.origin,r.destination,DATE(s.dept_time) FROM routes r join schedules s on s.route_id = r.route_id join booking b on b.schedule_id = s.schedule_id where b.booking_id=booking_id_old;
END ;;
DELIMITER ;
/*!50003 SET sql_mode              = @saved_sql_mode */ ;
/*!50003 SET character_set_client  = @saved_cs_client */ ;
/*!50003 SET character_set_results = @saved_cs_results */ ;
/*!50003 SET collation_connection  = @saved_col_connection */ ;
/*!50003 DROP PROCEDURE IF EXISTS `searchPassenger` */;
/*!50003 SET @saved_cs_client      = @@character_set_client */ ;
/*!50003 SET @saved_cs_results     = @@character_set_results */ ;
/*!50003 SET @saved_col_connection = @@collation_connection */ ;
/*!50003 SET character_set_client  = utf8mb4 */ ;
/*!50003 SET character_set_results = utf8mb4 */ ;
/*!50003 SET collation_connection  = utf8mb4_0900_ai_ci */ ;
/*!50003 SET @saved_sql_mode       = @@sql_mode */ ;
/*!50003 SET sql_mode              = 'ONLY_FULL_GROUP_BY,STRICT_TRANS_TABLES,NO_ZERO_IN_DATE,NO_ZERO_DATE,ERROR_FOR_DIVISION_BY_ZERO,NO_ENGINE_SUBSTITUTION' */ ;
DELIMITER ;;
CREATE DEFINER=`root`@`localhost` PROCEDURE `searchPassenger`(IN passenger_email VARCHAR(255))
BEGIN
    SELECT  p.*,b.booking_id,b.schedule_id
    FROM passengers p
    JOIN booking b ON p.passenger_id = b.passenger_id
    WHERE p.email = passenger_email;
END ;;
DELIMITER ;
/*!50003 SET sql_mode              = @saved_sql_mode */ ;
/*!50003 SET character_set_client  = @saved_cs_client */ ;
/*!50003 SET character_set_results = @saved_cs_results */ ;
/*!50003 SET collation_connection  = @saved_col_connection */ ;
/*!50003 DROP PROCEDURE IF EXISTS `staffEntry` */;
/*!50003 SET @saved_cs_client      = @@character_set_client */ ;
/*!50003 SET @saved_cs_results     = @@character_set_results */ ;
/*!50003 SET @saved_col_connection = @@collation_connection */ ;
/*!50003 SET character_set_client  = utf8mb4 */ ;
/*!50003 SET character_set_results = utf8mb4 */ ;
/*!50003 SET collation_connection  = utf8mb4_0900_ai_ci */ ;
/*!50003 SET @saved_sql_mode       = @@sql_mode */ ;
/*!50003 SET sql_mode              = 'ONLY_FULL_GROUP_BY,STRICT_TRANS_TABLES,NO_ZERO_IN_DATE,NO_ZERO_DATE,ERROR_FOR_DIVISION_BY_ZERO,NO_ENGINE_SUBSTITUTION' */ ;
DELIMITER ;;
CREATE DEFINER=`root`@`localhost` PROCEDURE `staffEntry`(
    IN model_id VARCHAR(127),
    IN model_name VARCHAR(127),
    IN airlines_id VARCHAR(127),
    IN airlines_name VARCHAR(127),
    IN aircraft_id VARCHAR(127),
    IN aircraft_name VARCHAR(127),
    IN capacity INTEGER,
    IN start_date DATE
)
BEGIN
	
    INSERT INTO model (model_id, model_name)
    VALUES (model_id, model_name);
    
	
    INSERT INTO airlines (airlines_id, airlines_name)
    VALUES (airlines_id, airlines_name);
    
    
    INSERT INTO aircraft (aircraft_id, airlines_id, model_id, aircraft_name, start_date, capacity)
    VALUES (aircraft_id, airlines_id, model_id, aircraft_name, start_date, capacity);
    
END ;;
DELIMITER ;
/*!50003 SET sql_mode              = @saved_sql_mode */ ;
/*!50003 SET character_set_client  = @saved_cs_client */ ;
/*!50003 SET character_set_results = @saved_cs_results */ ;
/*!50003 SET collation_connection  = @saved_col_connection */ ;
/*!50003 DROP PROCEDURE IF EXISTS `updateSchedule` */;
/*!50003 SET @saved_cs_client      = @@character_set_client */ ;
/*!50003 SET @saved_cs_results     = @@character_set_results */ ;
/*!50003 SET @saved_col_connection = @@collation_connection */ ;
/*!50003 SET character_set_client  = utf8mb4 */ ;
/*!50003 SET character_set_results = utf8mb4 */ ;
/*!50003 SET collation_connection  = utf8mb4_0900_ai_ci */ ;
/*!50003 SET @saved_sql_mode       = @@sql_mode */ ;
/*!50003 SET sql_mode              = 'ONLY_FULL_GROUP_BY,STRICT_TRANS_TABLES,NO_ZERO_IN_DATE,NO_ZERO_DATE,ERROR_FOR_DIVISION_BY_ZERO,NO_ENGINE_SUBSTITUTION' */ ;
DELIMITER ;;
CREATE DEFINER=`root`@`localhost` PROCEDURE `updateSchedule`(in s_id int,
in new_dept_time datetime,
in new_arr_time datetime)
begin
update schedules set dept_time = new_dept_time, arr_time = new_arr_time 
where schedule_id = s_id;

END ;;
DELIMITER ;
/*!50003 SET sql_mode              = @saved_sql_mode */ ;
/*!50003 SET character_set_client  = @saved_cs_client */ ;
/*!50003 SET character_set_results = @saved_cs_results */ ;
/*!50003 SET collation_connection  = @saved_col_connection */ ;
/*!40103 SET TIME_ZONE=@OLD_TIME_ZONE */;

/*!40101 SET SQL_MODE=@OLD_SQL_MODE */;
/*!40014 SET FOREIGN_KEY_CHECKS=@OLD_FOREIGN_KEY_CHECKS */;
/*!40014 SET UNIQUE_CHECKS=@OLD_UNIQUE_CHECKS */;
/*!40101 SET CHARACTER_SET_CLIENT=@OLD_CHARACTER_SET_CLIENT */;
/*!40101 SET CHARACTER_SET_RESULTS=@OLD_CHARACTER_SET_RESULTS */;
/*!40101 SET COLLATION_CONNECTION=@OLD_COLLATION_CONNECTION */;
/*!40111 SET SQL_NOTES=@OLD_SQL_NOTES */;

-- Dump completed on 2023-04-21 19:35:04
